NPA,2011,2013,2015,2016,2017,2018,2019,2020,2021,2022,2011 Raw,2013 Raw,2015 Raw,2016 Raw,2017 Raw,2018 Raw,2019 Raw,2020 Raw,2021 Raw,2022 Raw
2,"9","7","5","5","5","7","8","9","8","11","19","15","10","11","11","15","18","19","18","24"
3,"2","2","2","4","4","4","3","4","3","4","13","17","17","33","37","38","42","43","40","47"
4,"0","0","1","0","0","0","0","0","1","0","0","0","1","0","0","0","0","0","1","0"
5,"22","25","19","20","16","12","26","25","19","12","13","19","14","16","13","9","20","19","15","9"
6,"27","31","24","29","38","28","30","32","28","21","45","55","42","53","71","51","54","57","51","37"
7,"0","0","0","2","4","1","0","2","2","1","0","0","0","2","5","1","0","2","3","1"
8,"1","1","1","1","1","2","0","3","1","3","1","2","1","2","2","3","0","5","1","5"
9,"4","0","3","3","3","2","3","0","0","0","2","0","2","2","2","1","2","0","0","0"
10,"15","13","11","17","21","15","18","17","11","9","50","48","43","66","79","58","59","53","36","28"
11,"2","2","1","1","1","3","3","2","1","1","5","4","2","2","3","9","8","6","3","2"
12,"8","14","12","10","13","8","10","15","19","11","21","36","31","26","36","21","27","41","52","30"
13,"5","7","3","7","8","5","7","8","8","8","17","25","10","24","27","17","26","29","27","28"
14,"2","2","2","4","2","3","2","3","5","4","6","9","7","15","8","10","9","12","17","16"
15,"0","0","0","1","0","1","0","0","1","0","0","0","0","3","0","3","1","0","3","0"
16,"4","4","4","5","6","8","7","9","6","7","17","20","17","23","28","37","34","43","31","33"
17,"4","6","6","7","6","9","12","9","6","7","13","21","19","24","21","31","37","30","20","24"
18,"1","3","2","0","2","1","1","1","3","2","2","9","6","1","5","3","3","5","9","6"
19,"1","0","0","1","1","0","0","1","0","1","2","1","0","2","4","1","0","4","1","2"
20,"0","0","0","0","0","1","0","0","0","0","0","0","0","1","0","4","1","1","0","1"
21,"10","6","7","14","9","10","13","13","9","13","25","17","22","41","28","30","36","36","26","38"
22,"14","11","7","11","9","8","6","4","4","5","10","10","7","11","12","11","14","11","10","13"
23,"7","5","0","9","6","5","2","6","6","10","8","5","0","10","7","6","2","7","8","13"
24,"4","6","2","4","4","8","1","2","3","4","4","7","2","4","4","8","1","2","3","4"
25,"1","0","1","1","0","1","2","0","0","0","2","0","2","2","0","2","5","1","1","0"
26,"1","2","1","1","1","1","3","2","1","1","2","5","3","2","3","3","8","5","4","4"
27,"2","3","1","0","5","4","4","1","2","5","4","7","2","1","13","10","10","4","5","13"
28,"2","2","2","2","2","5","0","0","3","2","2","2","2","2","2","6","0","0","4","3"
29,"0","0","2","2","0","0","0","2","0","0","0","0","2","2","0","0","0","2","0","0"
30,"17","28","13","16","15","17","21","16","27","18","21","34","28","38","40","45","49","36","62","42"
31,"1","1","1","0","0","0","0","1","0","0","1","1","1","0","0","0","0","1","0","0"
32,"13","9","3","0","0","3","0","3","10","0","4","3","1","0","0","1","0","1","3","0"
33,"1","11","1","4","3","4","4","5","1","3","1","15","2","5","4","5","6","7","2","4"
34,"4","4","5","2","7","6","7","6","6","4","7","9","10","5","15","15","26","22","21","13"
35,"2","4","5","5","4","3","4","3","2","4","4","6","10","11","9","7","11","9","6","11"
36,"1","1","1","2","3","1","2","0","3","1","2","2","2","7","9","3","6","1","7","4"
37,"15","24","14","18","17","9","10","8","7","9","25","43","26","34","33","17","19","15","14","18"
38,"3","1","2","3","5","4","5","8","4","4","6","3","5","6","12","10","11","17","8","8"
39,"2","3","2","4","3","3","2","2","4","1","6","9","5","11","8","10","5","7","11","2"
40,"10","9","8","8","9","9","8","10","10","6","30","27","26","24","28","30","25","30","29","18"
41,"0","1","2","3","1","1","2","2","0","1","0","2","3","4","1","2","3","3","0","2"
42,"1","0","0","0","0","0","0","1","1","1","3","0","0","1","0","1","1","3","2","2"
43,"0","1","0","0","1","1","1","1","1","1","0","1","0","0","1","2","1","2","1","1"
44,"0","0","0","2","0","0","1","1","1","0","0","0","0","2","0","0","1","1","1","0"
45,"1","0","1","1","1","3","1","3","3","3","2","0","3","3","4","13","9","21","17","21"
46,"0","4","2","3","4","7","2","5","6","5","0","9","4","8","11","18","5","11","13","11"
47,"1","2","0","1","0","0","1","1","2","5","1","2","0","1","0","0","1","1","2","5"
48,"2","3","5","3","4","6","4","3","2","1","3","5","9","6","7","11","8","5","4","2"
49,"2","3","2","2","3","3","3","4","1","1","6","7","5","6","7","9","7","11","4","4"
50,"9","5","11","8","10","8","12","14","9","5","24","16","33","24","32","26","34","40","26","13"
51,"6","9","13","8","8","3","6","5","7","3","7","12","18","11","12","7","11","10","13","5"
52,"17","16","14","19","17","15","13","27","21","20","34","38","21","27","27","31","23","47","37","34"
53,"13","12","14","17","17","14","20","21","25","22","36","37","48","60","51","42","62","64","78","69"
54,"4","6","4","9","3","4","10","12","14","12","6","10","7","16","6","7","17","21","25","21"
55,"2","0","0","0","1","0","1","1","0","1","3","0","0","1","3","1","1","1","0","1"
56,"0","8","13","8","6","4","8","10","4","13","0","6","10","6","5","3","6","7","3","9"
57,"9","8","3","2","4","6","4","7","7","10","10","13","5","4","7","10","7","12","12","17"
58,"17","16","7","10","10","12","20","18","17","13","23","24","11","15","15","19","28","26","24","18"
59,"4","9","6","4","7","7","10","9","12","6","10","22","16","10","19","18","25","22","31","15"
60,"6","5","5","10","9","5","8","8","9","11","19","16","17","42","46","28","32","34","38","46"
61,"3","7","5","8","4","12","9","9","9","6","4","8","6","10","5","14","11","11","11","7"
62,"0","0","0","0","0","0","0","0","0","0","1","0","0","0","0","0","1","0","0","0"
64,"3","3","4","8","3","4","3","4","6","4","10","13","19","34","19","21","17","23","32","23"
65,"2","2","1","4","2","1","1","2","3","4","3","3","3","7","5","3","3","4","6","9"
66,"3","4","4","4","10","8","10","7","8","9","9","11","11","12","26","22","28","18","22","25"
67,"4","7","6","5","3","4","3","2","5","7","2","4","7","6","3","5","4","3","8","11"
68,"1","2","1","3","4","5","6","6","4","5","4","6","3","8","9","13","15","16","12","13"
69,"1","0","0","2","1","1","0","1","1","2","1","0","0","2","2","1","0","2","2","3"
70,"18","17","21","26","26","18","28","16","14","22","23","22","27","34","33","23","35","20","18","27"
71,"10","8","7","9","8","10","14","18","19","20","33","32","28","38","34","42","50","67","71","72"
72,"5","8","4","6","10","4","9","8","10","9","7","10","11","17","33","18","29","28","32","31"
73,"2","2","5","4","3","3","3","2","4","1","7","5","13","13","8","9","11","8","15","5"
74,"4","3","1","7","6","2","2","4","0","4","4","3","1","8","7","2","2","4","0","4"
75,"0","0","1","0","1","0","1","0","0","0","0","0","2","0","3","0","3","0","1","0"
76,"1","2","1","1","0","2","1","2","2","2","2","5","3","3","1","6","4","5","6","7"
77,"1","1","1","1","2","1","3","1","2","2","5","6","5","8","14","5","14","6","9","13"
78,"2","2","3","3","1","1","1","2","2","4","4","3","7","7","3","2","2","6","6","10"
79,"11","11","10","14","15","11","14","18","26","15","17","24","18","24","35","26","26","33","49","28"
80,"1","1","0","3","1","4","2","3","7","5","3","2","1","6","3","8","4","6","14","10"
81,"1","2","0","0","3","2","3","0","0","0","1","2","0","0","4","2","3","0","0","0"
82,"2","1","2","3","3","2","3","4","4","4","3","2","4","9","9","5","7","10","12","10"
83,"3","4","0","9","5","11","3","2","4","0","5","3","0","8","4","10","5","3","7","0"
84,"0","1","4","2","3","4","3","3","5","5","0","1","3","1","2","3","2","2","3","3"
85,"15","18","19","14","13","19","17","16","18","14","26","35","38","28","26","38","29","28","32","25"
86,"13","9","5","7","9","7","6","8","9","10","29","25","16","21","28","21","15","18","21","24"
87,"7","6","6","6","8","9","14","15","8","11","11","10","10","10","14","15","19","20","10","14"
88,"14","16","21","22","19","15","17","17","26","21","17","20","25","27","24","19","22","22","34","27"
89,"2","4","3","3","4","3","1","3","1","1","3","6","4","5","6","4","1","4","2","1"
90,"11","10","17","11","10","10","16","12","12","18","19","20","34","23","20","20","26","20","20","30"
91,"4","1","1","4","2","2","3","3","3","1","8","3","2","10","4","6","8","7","6","2"
92,"3","3","1","2","1","3","3","8","3","3","5","5","3","4","2","7","7","21","8","7"
93,"4","3","4","4","6","6","5","8","8","4","5","4","5","6","8","8","6","10","10","5"
94,"7","4","8","7","14","16","5","9","15","18","7","4","9","8","16","17","6","11","18","22"
95,"0","5","1","2","2","2","4","3","7","6","0","8","2","4","3","4","6","5","11","10"
96,"2","1","2","4","5","7","5","7","6","6","8","5","9","18","22","31","23","35","31","31"
97,"1","1","2","3","1","1","0","2","2","1","3","4","6","10","3","3","2","7","8","3"
98,"0","3","1","1","1","2","1","2","2","2","1","7","4","4","4","5","5","9","8","9"
99,"2","3","2","3","3","0","4","1","1","4","3","5","3","5","4","0","7","2","1","7"
100,"6","13","13","13","12","13","15","10","11","8","11","22","23","23","21","22","28","19","20","14"
101,"18","10","7","20","12","9","9","14","10","8","33","22","17","47","27","21","18","28","20","16"
102,"7","5","6","9","10","7","14","10","5","5","10","7","9","13","15","11","19","13","6","7"
103,"13","20","17","16","23","9","14","13","21","23","17","31","27","25","36","14","28","25","40","44"
105,"1","1","1","3","2","0","1","1","1","1","1","1","2","5","3","1","1","2","2","2"
106,"10","10","9","12","7","14","13","15","15","16","13","16","15","20","12","22","18","22","21","23"
107,"4","4","2","4","6","4","3","3","5","5","7","10","5","5","8","5","7","6","10","11"
108,"--","7","7","1","6","--","--","--","--","--","0","10","10","1","8","0","0","0","0","0"
109,"3","2","2","2","4","2","6","6","5","5","6","5","4","6","10","5","15","16","13","13"
110,"1","1","3","2","2","4","3","5","4","3","2","1","5","3","4","7","5","9","7","6"
111,"2","1","2","0","1","2","2","2","2","2","5","2","6","1","4","7","10","11","12","9"
112,"3","1","2","3","3","1","1","3","6","7","4","1","3","5","5","2","1","6","11","12"
113,"2","2","3","6","5","3","4","6","4","4","8","9","14","24","23","14","18","27","19","18"
114,"8","12","10","15","7","8","10","13","9","10","10","15","13","19","11","12","13","16","12","13"
115,"1","1","0","0","0","1","0","0","0","0","3","2","1","2","1","5","0","1","1","2"
116,"9","--","--","--","--","--","--","--","--","--","24","0","0","0","0","0","0","0","0","0"
117,"2","3","2","3","3","4","4","3","4","4","5","10","7","12","13","19","18","16","21","17"
118,"--","0","0","0","0","--","--","--","--","--","0","0","0","0","0","0","0","0","0","0"
119,"5","2","9","7","10","7","3","8","5","4","6","3","12","9","13","9","6","15","10","7"
120,"4","20","17","16","17","23","13","14","12","14","6","30","26","23","26","35","22","23","20","23"
121,"8","5","6","4","8","6","6","7","11","8","17","11","14","10","19","13","14","17","25","19"
122,"--","--","--","--","--","--","--","--","--","--","0","0","0","0","0","0","0","0","0","0"
123,"5","7","9","11","13","7","8","14","12","10","12","18","23","29","32","18","20","34","30","25"
124,"19","29","23","32","32","25","42","32","39","41","35","60","47","65","65","52","80","61","75","77"
125,"10","11","9","8","9","13","8","14","10","7","28","32","26","25","30","44","28","47","34","24"
126,"77","3","9","3","5","9","4","6","5","4","1","1","5","2","4","8","6","8","7","5"
127,"8","8","5","7","12","6","12","11","9","9","21","18","12","16","28","16","32","29","24","24"
128,"8","12","8","14","18","10","12","11","12","6","19","35","24","40","51","29","31","30","32","16"
129,"0","0","0","0","0","0","0","0","0","0","0","1","0","1","0","0","1","1","0","0"
130,"1","1","2","1","2","1","0","1","2","1","1","2","4","1","4","1","0","3","4","3"
131,"1","1","0","1","0","1","2","1","0","2","2","2","0","3","0","2","4","3","1","4"
132,"4","4","2","0","0","8","4","2","2","0","2","2","1","0","0","4","2","1","1","0"
133,"0","1","0","0","0","1","1","1","1","0","0","1","0","0","0","1","1","1","1","0"
134,"6","5","5","9","9","5","8","5","3","5","5","6","6","11","11","6","9","6","4","6"
135,"11","7","9","13","15","13","11","14","9","13","14","9","12","17","19","16","14","18","12","17"
136,"0","1","1","2","2","0","2","3","2","2","0","2","2","4","5","1","4","7","5","4"
137,"3","3","6","4","6","9","8","5","8","6","5","5","10","7","11","16","20","12","19","14"
138,"30","27","42","55","48","50","62","40","60","62","21","21","32","42","37","38","48","31","47","48"
139,"7","7","10","8","11","9","15","9","11","13","11","12","16","14","19","15","23","13","16","20"
140,"4","6","9","7","8","11","9","9","8","7","10","17","26","20","23","31","25","26","24","20"
141,"22","25","28","32","30","26","31","35","27","36","19","25","27","31","29","25","25","28","22","29"
142,"5","7","5","9","8","7","5","7","11","9","11","19","13","24","22","19","15","19","30","26"
143,"0","0","0","0","0","0","0","0","0","1","0","0","0","0","0","0","0","0","0","2"
144,"--","10","6","--","--","8","1","0","0","--","0","21","13","0","0","17","2","0","0","0"
145,"--","3","5","--","--","4","3","3","3","--","0","5","9","0","0","7","7","7","7","0"
146,"2","6","4","2","3","4","6","9","4","1","3","10","7","3","6","7","13","19","9","3"
147,"10","3","6","7","6","6","5","7","7","4","20","6","15","16","14","14","14","17","17","10"
148,"0","0","1","0","1","0","0","0","0","0","0","1","2","0","2","1","0","0","0","0"
149,"2","3","0","0","1","0","1","0","0","1","1","2","0","0","1","0","1","0","0","1"
150,"2","2","3","1","3","2","8","3","5","4","4","4","6","1","5","3","16","7","10","8"
151,"1","1","0","0","0","0","1","1","1","1","2","3","1","1","1","0","2","4","3","2"
152,"0","1","2","4","6","1","1","3","1","4","0","1","2","3","5","1","1","3","1","4"
153,"1","2","2","2","2","1","2","1","3","2","2","7","6","9","6","5","9","5","11","9"
154,"1","2","0","1","1","4","2","2","2","2","4","6","1","3","3","12","5","5","5","5"
155,"1","2","1","1","4","2","3","4","4","4","3","5","2","3","14","7","11","13","16","16"
156,"3","3","2","4","3","3","3","3","5","3","9","11","6","16","12","11","11","12","21","13"
157,"37","39","44","26","40","58","36","37","31","32","56","68","54","34","52","75","55","56","48","49"
158,"3","7","7","9","8","10","9","9","10","6","11","26","25","32","29","37","33","33","38","23"
159,"11","16","15","16","14","9","9","9","17","15","10","17","16","18","17","11","10","10","18","16"
160,"4","4","10","9","9","6","11","11","14","10","11","11","29","27","26","18","33","31","39","30"
161,"4","1","2","3","1","3","4","4","4","3","10","3","6","7","4","7","10","10","11","8"
162,"5","4","6","5","6","6","3","6","2","6","10","8","11","10","12","12","6","12","3","12"
163,"4","6","6","11","8","9","13","6","14","7","3","5","5","10","7","13","20","9","22","10"
164,"16","17","13","18","16","14","18","15","14","11","59","80","61","85","75","64","88","71","69","55"
165,"8","6","8","8","6","6","12","13","8","5","16","14","19","19","14","15","25","26","17","10"
166,"5","4","14","6","16","14","13","14","9","6","5","5","18","8","21","18","16","18","11","8"
167,"10","11","11","10","12","6","12","3","1","7","8","9","9","8","10","5","9","2","1","5"
168,"3","5","6","4","6","8","12","8","4","9","4","8","9","7","10","13","17","11","6","13"
169,"1","0","0","0","1","0","0","1","0","1","2","1","1","0","2","0","0","3","0","2"
170,"0","1","0","0","1","2","1","0","1","1","0","1","0","0","2","3","2","0","1","2"
171,"4","1","1","1","3","1","7","6","6","5","3","1","1","1","3","1","8","7","7","5"
172,"0","1","1","1","0","1","0","0","1","1","1","3","3","2","1","4","1","2","4","6"
173,"2","8","13","12","6","7","3","3","12","3","2","9","15","14","7","8","4","4","14","4"
174,"3","4","3","5","4","3","5","3","3","4","4","7","5","9","7","5","8","5","5","7"
175,"1","0","0","0","0","1","0","0","0","0","1","0","0","0","0","2","0","0","0","0"
176,"0","0","0","0","0","1","0","0","0","0","0","0","0","1","0","4","1","1","0","1"
177,"1","0","1","0","0","0","1","0","0","0","2","0","1","0","0","1","2","1","0","0"
178,"5","4","3","4","4","4","4","5","5","5","9","8","7","10","10","11","14","15","17","17"
179,"0","0","0","0","1","1","1","0","1","0","0","0","0","0","2","1","1","0","2","0"
180,"7","2","4","3","5","5","6","2","4","3","8","3","6","4","7","7","10","3","6","4"
181,"0","1","1","1","1","0","0","1","0","1","1","2","2","2","2","1","1","3","0","2"
182,"15","12","21","23","18","10","21","24","26","14","11","9","16","18","14","8","15","17","18","10"
183,"4","2","3","3","3","5","4","6","9","6","3","2","3","3","3","4","4","5","8","5"
184,"0","1","0","1","1","1","1","0","3","1","0","2","0","1","2","2","2","0","4","1"
185,"4","4","6","4","4","6","7","8","11","5","10","11","17","12","13","17","20","23","29","14"
186,"3","5","5","4","4","5","6","6","5","4","6","12","12","11","11","13","14","15","12","10"
187,"0","1","0","2","1","0","1","1","1","0","0","1","0","2","1","0","1","1","1","0"
188,"1","1","0","1","1","0","0","0","1","1","2","1","0","1","2","0","0","0","2","3"
189,"0","1","3","0","1","0","2","1","0","1","0","1","3","0","1","0","2","1","0","1"
190,"8","3","8","10","8","8","23","9","10","9","7","3","8","10","8","8","24","10","11","9"
191,"0","1","1","1","1","1","2","1","4","3","1","2","3","2","3","3","4","3","9","6"
192,"3","4","4","5","7","1","3","5","4","3","5","8","9","14","19","4","10","16","12","11"
193,"3","1","0","2","6","1","0","1","1","1","4","1","0","3","8","1","0","1","1","1"
194,"--","1","1","0","0","--","--","--","--","--","0","2","2","1","0","0","0","0","0","0"
195,"1","2","1","1","2","1","1","2","4","3","3","5","3","2","5","3","5","8","16","10"
196,"5","6","6","6","5","6","6","4","6","9","10","14","14","14","11","13","15","9","13","20"
197,"3","3","3","4","7","4","4","5","6","3","8","7","7","10","18","11","10","12","14","8"
198,"2","1","2","2","2","2","2","1","2","4","2","1","3","3","3","3","3","2","4","6"
199,"10","11","21","17","17","15","20","11","18","19","27","32","64","52","53","48","52","29","45","50"
200,"12","11","17","13","8","6","13","8","7","11","7","6","10","8","9","7","12","7","6","10"
201,"0","0","0","0","1","0","0","0","0","0","0","1","0","0","2","1","1","1","0","1"
202,"8","8","6","6","6","6","6","5","7","6","18","18","13","13","14","15","12","10","16","12"
203,"0","1","1","1","0","0","2","1","0","1","0","2","1","1","0","1","5","2","1","2"
204,"2","1","1","4","1","2","3","3","3","3","2","2","1","5","2","3","5","4","4","4"
205,"0","0","0","0","0","0","0","1","0","0","0","0","0","0","0","0","0","1","0","0"
206,"2","1","0","1","0","1","3","1","0","1","2","1","0","2","0","1","4","1","0","1"
207,"1","1","1","4","4","2","3","3","6","7","2","3","2","11","14","6","10","11","19","22"
208,"0","0","1","1","0","1","0","0","0","1","0","0","2","1","0","2","0","1","0","2"
209,"2","2","3","2","3","4","3","3","3","3","5","5","8","7","14","15","14","14","14","12"
210,"1","2","2","1","2","1","1","1","2","3","1","4","3","2","4","3","3","2","4","7"
211,"0","3","2","1","2","2","3","2","2","1","1","7","6","3","4","6","7","6","4","2"
212,"11","15","12","14","22","23","16","26","29","19","14","21","17","19","30","33","23","38","43","28"
213,"1","1","2","2","1","2","1","0","1","0","1","2","3","3","2","3","1","0","2","0"
215,"1","1","1","0","0","0","0","0","0","1","1","1","1","0","0","0","0","0","0","1"
216,"0","0","0","1","1","0","1","1","0","0","0","0","0","1","1","0","1","1","0","0"
217,"0","0","0","0","0","1","0","0","0","0","0","0","0","0","0","1","0","0","0","0"
218,"0","1","2","2","3","4","2","3","4","3","0","3","5","4","6","11","5","7","10","7"
219,"8","7","9","19","14","13","11","13","15","11","13","14","17","47","35","33","39","45","51","37"
220,"--","2","6","--","--","3","3","3","3","--","0","3","10","0","0","5","5","5","5","0"
221,"2","2","2","4","7","5","9","9","7","2","5","5","5","10","20","13","22","23","19","6"
222,"0","0","0","0","0","1","0","0","0","0","0","0","0","0","0","1","0","0","0","0"
223,"6","14","12","12","12","10","6","12","13","4","11","26","23","23","22","18","12","24","25","7"
224,"0","2","1","0","2","2","1","0","2","1","1","4","3","1","4","4","3","1","4","2"
225,"5","1","1","1","1","2","3","4","3","0","5","1","2","1","1","3","3","4","3","0"
226,"4","1","0","0","2","1","1","1","0","1","3","1","0","0","2","1","1","1","0","1"
227,"0","1","2","6","3","2","2","1","1","0","1","3","5","14","7","6","4","2","2","0"
228,"2","0","5","0","0","4","2","1","1","2","1","0","3","0","0","2","2","1","1","2"
229,"3","4","9","9","5","6","3","3","3","3","7","8","20","21","12","17","16","14","14","13"
230,"4","3","2","5","4","4","3","6","6","4","7","6","5","12","9","11","7","16","17","12"
231,"1","1","2","2","1","3","4","4","4","4","1","1","5","5","4","8","9","10","9","9"
232,"2","0","1","1","3","3","4","2","5","1","4","1","2","3","7","7","11","6","14","4"
233,"1","1","1","2","2","1","0","1","1","2","2","2","3","4","6","3","1","2","4","5"
234,"5","11","8","14","11","9","7","9","10","9","19","29","22","38","30","23","31","38","45","39"
235,"0","0","1","2","0","0","0","0","0","0","0","1","2","5","1","1","0","0","0","1"
236,"1","0","1","1","0","0","0","1","1","1","1","0","1","1","0","0","0","2","1","1"
237,"5","6","7","6","5","6","5","7","6","5","11","17","20","17","14","18","17","22","20","15"
238,"3","7","6","7","5","5","5","7","9","7","6","16","14","17","13","12","11","18","22","17"
240,"3","7","6","7","7","2","5","8","4","2","4","11","10","11","12","4","9","16","8","4"
241,"1","1","1","0","0","0","1","0","0","0","1","1","1","0","0","0","2","0","0","1"
242,"0","6","1","3","2","2","2","2","2","1","0","9","1","5","3","3","3","3","4","2"
243,"0","8","0","0","0","0","1","0","1","3","0","1","0","0","0","0","1","0","1","3"
244,"0","2","1","1","1","2","2","3","1","0","0","3","2","2","2","3","3","6","2","0"
245,"8","2","10","7","4","6","11","15","13","6","10","3","14","10","6","8","15","20","18","8"
246,"6","7","3","5","2","7","6","6","7","6","12","16","7","11","5","16","13","13","15","13"
247,"15","10","9","14","13","16","12","11","18","18","15","11","10","16","15","18","13","12","19","19"
248,"7","8","7","12","11","9","9","8","8","8","12","15","13","21","20","17","15","13","13","13"
249,"21","20","22","20","22","21","17","18","19","19","26","33","37","34","36","35","22","23","24","25"
250,"0","1","1","1","1","1","0","0","0","0","0","2","2","1","1","2","0","1","1","1"
251,"1","0","2","0","2","1","2","1","0","4","1","0","3","0","3","1","4","2","1","8"
252,"0","0","0","1","0","0","1","1","0","0","0","0","0","1","0","0","1","1","0","0"
253,"1","0","0","0","0","2","1","0","2","0","3","1","1","0","1","4","2","1","4","0"
254,"4","7","6","1","6","2","2","7","2","9","2","4","3","1","6","2","2","9","2","11"
255,"1","0","0","0","0","1","0","0","0","1","2","0","1","0","1","3","1","1","0","3"
256,"1","0","0","0","0","0","0","1","1","0","2","1","1","1","1","0","1","5","7","0"
257,"1","1","0","1","0","1","1","1","0","2","2","2","1","3","2","4","6","4","2","8"
258,"4","3","6","11","7","5","6","4","6","5","12","8","19","33","22","17","19","12","19","16"
259,"3","3","6","4","6","6","5","6","7","10","8","7","14","11","16","14","13","14","18","25"
260,"4","5","6","6","4","8","4","6","7","7","15","20","21","23","16","29","17","31","34","34"
261,"3","0","1","0","1","1","1","1","1","2","6","1","3","1","2","2","3","2","2","4"
262,"0","1","0","1","0","1","0","1","0","1","0","3","1","3","0","2","0","2","0","2"
263,"0","0","0","0","0","0","0","0","0","0","1","0","0","0","1","0","1","1","0","0"
264,"3","2","2","1","2","2","2","1","1","3","6","3","5","2","5","4","4","3","3","7"
265,"2","1","0","0","1","1","0","1","1","0","3","2","0","0","1","1","0","2","1","0"
266,"0","1","2","2","2","1","2","2","3","2","0","4","7","6","6","3","7","6","10","6"
267,"0","1","0","1","1","1","3","1","1","2","2","4","2","3","4","3","13","6","4","10"
268,"2","1","2","1","4","2","4","3","2","1","3","2","3","2","8","4","7","6","3","2"
269,"0","1","1","0","0","0","0","1","1","1","1","3","3","1","1","0","1","2","2","4"
270,"8","8","9","8","4","5","15","8","9","4","10","11","12","11","5","7","20","10","12","5"
271,"3","9","5","5","8","7","5","4","4","7","3","11","6","6","10","9","6","5","5","8"
272,"7","6","3","4","10","5","5","6","12","7","10","8","5","6","14","7","7","9","18","11"
273,"1","0","2","2","1","3","1","2","2","3","2","0","4","3","2","5","3","4","6","8"
274,"3","2","5","6","5","2","3","7","10","4","3","2","5","6","5","2","3","7","10","4"
275,"2","1","3","1","3","3","1","4","7","2","5","2","7","3","7","7","3","9","14","5"
276,"1","1","1","2","1","0","2","2","3","4","2","1","1","3","1","0","4","4","6","7"
277,"2","3","1","1","1","2","2","1","1","1","2","5","1","2","3","4","5","3","3","4"
278,"2","3","3","2","4","1","4","6","10","11","3","4","4","4","7","2","6","9","16","17"
279,"1","1","0","1","2","2","3","3","5","3","1","2","0","2","3","3","5","5","7","5"
280,"7","7","6","12","13","20","11","7","7","8","13","9","8","15","17","26","24","14","15","16"
281,"1","4","3","7","3","7","4","6","5","7","1","4","3","7","3","7","5","7","6","8"
282,"0","4","0","3","1","3","3","5","1","2","0","5","0","4","2","4","4","8","2","3"
283,"6","4","3","4","3","4","6","6","6","3","14","11","7","10","8","11","15","15","15","8"
284,"1","0","1","0","1","0","2","1","1","1","1","0","1","0","1","1","5","2","2","3"
285,"--","--","--","313","529","--","--","--","--","--","0","0","0","5","9","0","0","0","0","0"
286,"7","21","26","17","27","12","4","4","2","10","5","4","5","3","5","2","3","3","2","8"
287,"--","12","8","6","10","--","--","--","--","--","0","27","20","14","24","0","0","0","0","0"
288,"--","3","1","1","2","--","--","--","--","--","0","6","3","2","4","0","0","0","0","0"
289,"1","2","2","1","2","2","2","2","1","4","5","6","7","5","6","7","12","10","5","19"
290,"89","94","42","50","65","90","84","91","82","85","48","50","41","49","63","54","64","70","63","65"
291,"6","10","11","13","17","12","10","17","13","18","10","26","30","37","47","34","23","38","29","42"
292,"15","15","7","11","17","15","22","9","21","22","16","18","8","12","19","17","22","9","21","22"
293,"19","18","17","17","18","15","22","19","49","18","14","15","14","15","16","13","16","14","36","13"
294,"19","15","36","23","16","18","16","15","18","18","17","15","36","23","18","20","16","15","18","18"
295,"13","11","11","7","5","6","11","11","7","8","17","15","15","10","7","8","14","14","9","10"
296,"0","1","1","2","0","0","0","0","1","1","0","1","1","4","0","0","1","1","2","2"
297,"0","0","0","0","0","0","0","0","0","0","0","0","0","0","0","0","0","0","0","0"
298,"10","--","--","--","--","--","--","--","--","--","15","0","0","0","0","0","0","0","0","0"
299,"1","2","3","7","4","3","4","4","5","6","2","5","8","21","13","11","14","14","18","21"
300,"3","--","--","--","--","--","--","--","--","--","3","0","0","0","0","0","0","0","0","0"
301,"1","2","0","2","1","1","2","1","3","1","1","5","1","4","2","3","4","3","7","3"
302,"1","0","1","2","1","2","0","2","1","2","2","1","2","5","2","7","1","5","4","7"
303,"2","0","1","3","1","2","2","6","2","4","3","0","2","5","2","4","3","10","3","8"
304,"18","15","17","28","15","7","11","14","17","19","10","18","21","35","18","9","12","15","18","20"
305,"4","2","7","6","7","7","4","3","9","8","3","2","6","5","6","6","5","3","11","9"
306,"10","18","10","7","9","7","10","13","19","21","13","18","13","11","16","11","11","15","22","24"
307,"2","2","2","3","4","4","2","5","6","7","5","5","7","11","16","14","7","16","19","25"
308,"0","1","1","0","0","1","0","0","1","1","0","1","1","0","0","1","0","0","1","1"
309,"1","1","0","0","1","0","0","1","1","0","1","1","0","0","1","0","0","1","1","0"
310,"0","0","1","2","1","0","0","1","0","0","1","1","2","4","2","1","0","2","0","0"
311,"11","12","16","14","10","14","13","20","14","12","13","15","20","17","13","17","15","22","16","13"
312,"14","11","11","11","14","12","7","8","10","14","20","19","19","19","24","21","13","14","18","24"
313,"1","1","1","4","1","4","2","4","2","3","2","1","2","7","1","7","3","7","3","4"
314,"7","7","6","11","15","6","12","14","15","11","16","18","15","28","39","17","28","32","33","25"
315,"15","13","14","24","20","9","7","7","6","4","8","8","10","18","15","16","12","12","11","7"
316,"8","13","8","8","9","8","10","11","14","9","29","56","32","34","39","35","36","41","49","31"
317,"10","11","16","16","16","19","17","22","21","13","8","9","13","13","13","15","12","16","15","9"
318,"1","1","1","1","1","1","0","2","1","1","1","1","2","2","1","2","0","3","2","2"
319,"1","3","2","1","5","2","3","2","3","3","3","10","5","3","15","7","10","8","10","10"
320,"0","2","0","4","0","2","2","2","3","2","0","2","0","4","0","2","2","2","4","2"
321,"18","23","18","13","18","17","10","9","12","10","20","27","22","15","22","20","12","10","14","12"
322,"2","3","1","4","0","3","1","5","3","1","3","3","1","5","0","4","1","6","4","1"
323,"6","10","5","8","9","8","8","10","5","11","15","25","13","21","23","20","22","25","12","28"
324,"0","1","1","0","1","1","2","1","2","1","0","2","2","0","1","1","3","1","3","2"
325,"5","3","5","3","1","2","3","1","2","4","13","7","13","9","4","6","9","4","5","12"
326,"14","21","8","20","23","12","13","39","31","19","13","20","8","19","22","11","10","30","24","15"
327,"13","14","9","17","16","11","13","9","8","10","21","24","15","29","27","18","22","15","13","16"
328,"22","18","27","39","49","26","18","32","37","33","23","20","30","43","54","28","19","34","39","35"
329,"1","2","3","5","4","7","6","4","6","8","2","5","6","11","9","14","12","7","12","15"
330,"2","3","4","8","7","1","5","4","6","2","3","6","8","18","16","2","11","8","12","4"
331,"17","9","14","15","21","7","20","18","22","32","12","14","23","25","35","14","40","36","44","64"
332,"3","2","2","0","2","1","2","2","4","3","4","3","4","0","3","2","3","4","8","5"
333,"4","2","5","5","4","7","3","5","3","4","11","5","14","15","12","21","10","16","10","12"
334,"1","1","0","5","1","3","5","1","2","4","1","1","0","4","1","2","4","1","2","3"
335,"--","0","0","0","1","--","--","--","--","--","0","1","1","1","2","0","0","0","0","0"
336,"1","1","0","2","2","3","2","4","4","3","2","3","1","9","8","16","12","24","22","17"
337,"1","1","1","2","0","1","1","1","1","3","1","1","1","3","0","2","3","3","2","7"
338,"9","12","11","9","9","6","5","5","8","5","10","20","25","21","19","14","9","9","16","10"
339,"14","3","3","9","4","7","4","2","1","7","9","4","5","15","8","13","8","5","3","15"
343,"11","9","9","11","9","8","8","8","6","9","14","15","14","18","15","16","16","15","11","17"
344,"5","5","7","18","8","6","8","4","3","4","7","7","12","30","14","11","13","7","5","7"
345,"5","4","2","4","4","7","3","5","2","6","4","4","2","4","4","7","3","5","2","6"
346,"8","4","7","9","9","6","6","8","11","7","19","10","20","27","27","16","15","21","29","18"
347,"14","15","15","16","8","7","4","6","2","6","8","10","13","14","7","6","4","6","2","6"
348,"1","4","4","2","4","2","1","2","3","3","3","13","13","7","12","8","5","7","10","11"
349,"2","1","1","0","1","0","0","0","0","0","3","3","3","0","2","0","0","0","0","0"
350,"1","0","0","0","0","1","1","1","0","2","2","0","0","0","0","1","1","1","0","3"
351,"1","1","2","0","1","0","0","0","1","0","1","1","2","0","1","0","0","0","1","0"
352,"1","1","0","0","1","0","1","0","1","1","2","3","1","1","2","1","2","1","2","3"
353,"0","0","0","0","2","1","1","0","0","0","1","1","1","1","5","2","2","0","1","0"
354,"1","1","1","1","1","1","1","1","1","1","1","1","1","1","2","1","1","2","1","2"
355,"1","1","1","1","1","0","3","1","1","3","2","2","3","2","3","1","7","2","3","6"
356,"1","1","1","1","1","0","0","0","1","0","3","3","3","5","3","1","2","2","4","0"
357,"2","1","1","1","0","1","1","0","0","2","4","3","2","2","0","3","3","1","1","4"
358,"2","2","2","3","3","2","3","3","3","5","7","6","7","9","9","9","11","12","13","20"
359,"0","0","0","0","0","0","0","1","0","0","0","1","1","0","0","0","0","2","1","0"
360,"0","2","3","4","2","2","2","3","1","2","1","8","11","16","9","10","9","12","7","11"
361,"38","38","30","23","15","8","7","8","11","12","38","43","34","35","29","17","15","16","22","25"
362,"3","11","9","7","5","6","5","8","12","11","8","34","29","23","15","20","13","24","35","31"
363,"23","19","20","24","21","17","21","33","25","25","54","56","59","72","62","52","53","84","64","63"
364,"0","1","0","0","0","1","0","0","0","0","1","2","0","1","1","2","0","0","0","0"
365,"1","5","6","5","5","8","5","5","7","2","1","9","10","8","8","13","7","6","9","3"
366,"21","27","16","20","18","19","20","20","13","20","14","20","13","16","14","15","15","15","10","15"
367,"4","3","2","2","3","3","2","2","4","3","18","12","12","13","14","17","12","13","24","14"
368,"4","--","--","--","--","--","--","--","--","--","12","0","0","0","0","0","0","0","0","0"
369,"23","16","25","22","18","22","28","23","26","17","28","20","25","25","20","25","25","20","23","15"
370,"19","20","20","15","19","16","20","14","23","17","50","64","64","50","63","53","58","40","67","51"
371,"12","20","14","26","26","22","15","15","16","18","88","114","86","159","157","135","108","107","111","126"
372,"0","1","0","0","1","1","1","1","1","1","4","8","5","4","7","7","7","7","8","10"
373,"0","0","0","0","1","0","0","0","0","1","0","0","0","0","2","1","0","1","1","2"
374,"23","21","24","30","29","32","25","25","30","28","53","51","59","75","75","81","64","65","78","73"
375,"0","0","0","0","0","0","0","0","0","0","0","1","0","0","1","0","0","0","1","1"
376,"2","2","2","1","2","2","2","4","4","3","6","8","6","4","9","8","9","15","14","12"
377,"1","1","1","1","1","2","1","1","1","1","3","6","6","7","6","12","7","4","6","5"
378,"2","4","1","4","4","1","2","2","1","1","8","18","3","19","16","7","12","13","6","7"
379,"0","0","0","0","0","0","0","0","0","1","0","0","1","1","0","1","2","1","1","4"
380,"0","0","0","0","0","0","0","0","0","0","2","0","0","0","1","1","1","0","0","0"
381,"4","3","3","3","4","3","3","2","3","4","12","9","10","12","14","11","14","9","15","16"
382,"11","10","9","16","16","7","9","9","8","6","30","29","27","49","47","21","23","24","21","16"
383,"6","7","5","10","9","7","12","10","12","12","21","30","20","42","37","30","49","40","47","47"
385,"10","13","17","21","16","23","17","16","19","14","46","59","84","103","79","115","85","83","95","74"
386,"5","14","8","7","11","8","9","5","8","10","8","27","16","14","21","16","16","10","15","18"
387,"13","21","25","25","36","30","19","17","16","21","33","49","58","57","82","70","50","46","43","55"
388,"15","16","11","10","7","4","7","6","4","11","22","27","22","21","20","11","17","14","9","24"
389,"4","4","5","6","6","4","7","4","5","6","37","36","46","61","56","36","58","36","44","46"
390,"6","5","1","3","5","4","6","4","2","3","9","8","1","4","8","6","10","6","3","4"
391,"0","1","0","0","1","1","1","0","1","0","1","2","1","1","2","2","3","1","3","1"
392,"0","0","1","0","0","1","1","0","0","1","4","3","6","4","1","6","6","4","2","6"
393,"4","2","1","2","3","5","3","3","4","6","20","9","3","13","17","27","20","21","27","34"
394,"2","3","1","1","2","3","2","2","3","1","5","9","4","2","5","8","5","6","7","3"
395,"--","2","3","3","4","--","--","--","--","--","0","3","5","4","7","0","0","0","0","0"
396,"--","0","1","--","--","0","1","1","1","--","0","0","2","0","0","0","2","2","2","0"
397,"3","0","0","3","--","5","--","--","--","--","5","0","0","6","0","10","0","0","0","0"
398,"4","0","0","0","--","3","--","--","--","--","2","0","0","0","0","2","0","0","0","0"
399,"1","0","1","4","--","3","--","--","--","--","2","1","3","9","0","7","0","0","0","0"
400,"--","1","2","0","0","--","--","--","--","--","0","3","4","0","0","0","0","0","0","0"
401,"--","7","5","3","1","--","--","--","--","--","0","15","11","7","2","0","0","0","0","0"
402,"--","2","3","1","0","--","--","--","--","--","0","3","4","2","0","0","0","0","0","0"
403,"--","1","1","--","--","0","0","0","0","--","0","1","1","0","0","0","1","0","0","0"
404,"4","5","5","6","--","13","--","--","--","--","8","10","10","12","0","28","0","0","0","0"
405,"0","0","1","2","--","3","--","--","--","--","0","0","3","6","0","10","0","0","0","0"
406,"--","1","1","--","--","1","0","0","0","--","0","2","2","0","0","3","0","0","0","0"
407,"--","1","1","--","--","1","1","0","0","--","0","2","1","0","0","2","1","0","0","0"
408,"--","0","0","--","--","0","0","0","0","--","0","1","1","0","0","1","0","0","0","0"
409,"0","1","0","0","--","0","--","--","--","--","0","2","0","1","0","1","0","0","0","0"
410,"1","0","1","0","--","8","--","--","--","--","1","0","1","0","0","13","0","0","0","0"
411,"1","1","0","1","--","4","--","--","--","--","1","1","0","2","0","7","0","0","0","0"
412,"0","2","0","1","4","0","--","--","--","--","0","1","0","1","3","0","0","0","0","0"
413,"1","1","0","0","0","0","--","--","--","--","4","2","0","1","1","1","0","0","0","0"
416,"2","1","1","2","1","2","--","--","--","--","2","2","2","4","2","3","0","0","0","0"
417,"2","1","0","2","0","0","--","--","--","--","3","1","0","4","1","1","0","0","0","0"
418,"1","0","0","1","1","1","--","--","--","--","2","1","1","3","3","3","0","0","0","0"
419,"0","0","1","0","0","0","--","--","--","--","1","0","2","1","0","1","0","0","0","0"
420,"0","0","1","1","0","1","--","--","--","--","1","1","3","2","1","2","0","0","0","0"
421,"2","1","1","0","0","0","--","--","--","--","2","1","2","0","0","0","0","0","0","0"
422,"7","3","4","2","2","1","--","--","--","--","13","5","8","5","4","4","0","0","0","0"
423,"--","1","2","--","--","0","0","0","0","--","0","2","4","0","0","1","0","0","0","0"
424,"1","1","0","0","1","1","--","--","--","--","2","1","0","0","1","2","0","0","0","0"
425,"--","0","1","--","--","0","0","0","0","--","0","0","1","0","0","0","0","0","0","0"
426,"--","5","2","3","3","--","--","--","--","--","0","10","5","6","7","0","0","0","0","0"
428,"--","0","3","--","--","1","1","0","0","--","0","0","5","0","0","2","1","0","0","0"
430,"1","--","--","--","--","--","--","--","--","--","3","0","0","0","0","0","0","0","0","0"
431,"--","2","0","--","--","0","0","0","0","--","0","3","0","0","0","0","0","0","0","0"
432,"--","4","5","2","3","--","--","--","--","--","0","10","12","4","8","0","0","0","0","0"
433,"--","1","0","0","0","--","--","--","--","--","0","1","0","0","0","0","0","0","0","0"
434,"1","0","1","0","0","0","--","--","--","--","3","1","2","1","1","1","0","0","0","0"
435,"--","2","3","--","--","5","0","0","0","--","0","1","2","0","0","3","0","0","0","0"
436,"--","4","1","--","--","1","0","0","0","--","0","6","1","0","0","1","0","0","0","0"
437,"1","4","3","1","1","3","--","--","--","--","2","9","9","2","4","11","0","0","0","0"
438,"0","1","1","4","--","3","--","--","--","--","0","1","2","10","0","10","0","0","0","0"
442,"--","4","2","--","--","4","1","2","3","--","0","7","4","0","0","9","3","4","6","0"
443,"0","--","--","--","--","--","--","--","--","--","0","0","0","0","0","0","0","0","0","0"
444,"0","--","--","--","--","--","--","--","--","--","1","0","0","0","0","0","0","0","0","0"
445,"0","0","0","0","1","0","--","--","--","--","1","0","1","0","2","1","0","0","0","0"
446,"2","0","1","1","1","0","--","--","--","--","2","0","1","1","1","0","0","0","0","0"
447,"2","0","1","0","1","0","--","--","--","--","4","0","2","0","2","1","0","0","0","0"
448,"2","3","3","4","--","7","--","--","--","--","6","9","9","12","0","24","0","0","0","0"
449,"0","0","0","1","--","1","--","--","--","--","1","1","1","3","0","3","0","0","0","0"
450,"1","0","1","0","0","0","--","--","--","--","2","1","2","1","0","2","0","0","0","0"
451,"--","0","0","0","1","0","0","0","0","--","0","0","1","1","3","2","1","1","1","0"
452,"1","0","1","2","1","2","--","--","--","--","2","0","1","3","2","4","0","0","0","0"
453,"4","--","--","--","--","--","--","--","--","--","7","0","0","0","0","0","0","0","0","0"
454,"--","1","1","--","--","2","0","1","1","--","0","1","2","0","0","3","0","1","1","0"
455,"--","1","0","--","--","0","0","0","0","--","0","1","0","0","0","1","0","0","0","0"
456,"--","6","6","0","0","--","--","--","--","--","0","7","6","0","0","0","0","0","0","0"
457,"--","1","1","0","0","--","--","--","--","--","0","1","1","0","0","0","0","0","0","0"
458,"0","1","1","3","--","1","--","--","--","--","0","1","1","3","0","1","0","0","0","0"
459,"--","2","3","1","0","--","--","--","--","--","0","6","8","4","1","0","0","0","0","0"
460,"--","5","6","1","4","--","--","--","--","--","0","16","17","4","11","0","0","0","0","0"
462,"2","1","0","0","0","2","--","--","--","--","4","2","1","1","1","4","0","0","0","0"
463,"2","1","5","2","1","2","--","--","--","--","4","3","12","4","2","4","0","0","0","0"
464,"0","0","2","1","0","1","--","--","--","--","1","1","6","3","2","3","0","0","0","0"
465,"--","2","1","0","1","--","--","--","--","--","0","2","1","0","1","0","0","0","0","0"
466,"1","1","1","0","1","2","--","--","--","--","3","2","3","1","3","5","0","0","0","0"
467,"2","0","1","2","0","1","--","--","--","--","3","0","2","4","1","3","0","0","0","0"
468,"--","0","0","0","0","1","1","0","1","--","0","0","0","0","0","1","1","0","1","0"
469,"--","1","1","0","1","2","0","0","0","--","0","1","1","0","2","3","0","0","0","0"
470,"1","1","0","4","--","4","--","--","--","--","1","3","0","9","0","9","0","0","0","0"
471,"1","1","1","3","--","5","--","--","--","--","2","4","4","9","0","16","0","0","0","0"
472,"0","0","0","1","--","3","--","--","--","--","0","0","0","1","0","4","0","0","0","0"
473,"--","2","4","3","1","1","2","0","3","--","0","5","8","6","2","3","4","0","6","0"
474,"2","1","1","5","--","3","--","--","--","--","4","3","2","13","0","8","0","0","0","0"
475,"--","0","0","0","0","0","0","0","1","--","0","0","0","1","0","0","0","0","3","0"
476,"13","13","12","13","13","9","10","12","11","14","157","186","191","202","215","165","171","198","190","226"
